File,Time [MJD],Epoch,SNR,CBC RV [m/s],CBC RV Err. [m/s],CCF RV [m/s],CCF RV Err. [m/s],S Value,H-alpha Emission,H-alpha Equiv. Width [A],CCF FWHM [m/s],CCF FWHM Err. [m/s],BIS [m/s],V_span [m/s],Bi-Gaussian [m/s],Skew Normal,Date Generated,Phot. GP [mag],Phot. GP Err. [mag]
10700_190815.1112.fits,58710.457,5,232,0.346,0.388,-16610.496,0.253,,0.184,1.897,6573.657,29.02,-94.626,-62.148,2.712,-1.031,2020-12-22T04:48:29.136,-0.000001,0.000324
10700_190815.1113.fits,58710.45829,5,234,-1.976,0.377,-16610.702,0.249,,0.184,1.903,6568.817,28.79,-93.523,-62.314,2.668,0,2020-12-22T04:48:35.069,-0.000001,0.000324
10700_190815.1114.fits,58710.45957,5,233,-2.762,0.387,-16612.287,0.25,,0.186,1.899,6564.705,28.767,-93.382,-61.424,2.656,-1.028,2020-12-22T04:48:40.407,-0.000001,0.000324
10700_190816.1136.fits,58711.48779,5,150,0.66,0.515,-16608.024,0.387,0.185,0.182,1.866,6577.591,29.173,-92.372,-61.531,2.764,0.001,2020-12-22T04:48:45.957,-0.000001,0.000322
10700_190816.1138.fits,58711.49036,5,149,0.856,0.481,-16609.184,0.388,0.185,0.187,1.864,6580.917,29.195,-91.612,-62.659,2.729,-1.024,2020-12-22T04:48:56.802,-0.000001,0.000322
10700_190817.1130.fits,58712.48697,5,186,-0.499,0.356,-16611.481,0.327,,0.182,1.867,6602.687,29.936,-93.351,-61.294,2.64,-1.035,2020-12-22T04:49:02.897,-0.000001,0.000321
10700_190817.1131.fits,58712.48823,5,174,-3.013,0.381,-16611.728,0.35,,0.183,1.867,6597.1,29.704,-91.679,-59.181,2.567,-1.028,2020-12-22T04:49:08.473,-0.000001,0.000321
10700_190817.1132.fits,58712.48954,5,178,-0.872,0.401,-16610.958,0.341,,0.183,1.88,6597.85,29.776,-93.215,-61.279,2.61,0.002,2020-12-22T04:49:13.477,-0.000001,0.000321
10700_190819.1123.fits,58714.49142,5,241,-0.772,0.337,-16609.481,0.24,0.165,0.184,1.858,6581.155,28.671,-91.804,-60.851,2.675,-1.021,2020-12-22T04:49:18.810,-0.000001,0.000317
10700_190819.1124.fits,58714.4927,5,241,0.36,0.338,-16609.275,0.241,0.165,0.186,1.859,6581.772,28.659,-89.81,-59.317,2.609,-0.003,2020-12-22T04:49:23.857,-0.000001,0.000317
10700_190819.1125.fits,58714.49398,5,244,0.634,0.338,-16608.082,0.236,0.165,0.184,1.851,6583.254,28.718,-89.701,-59.085,2.622,-1.018,2020-12-22T04:49:29.190,-0.000001,0.000317
10700_190820.1116.fits,58715.49016,5,202,-1.378,0.411,-16608.726,0.287,0.173,0.187,1.893,6576.274,28.967,-90.328,-61.595,2.739,-0.002,2020-12-22T04:49:34.733,-0.000001,0.000315
10700_190820.1117.fits,58715.49146,5,206,0.427,0.405,-16608.922,0.281,0.173,0.186,1.895,6572.44,28.837,-90.293,-61.686,2.738,-1.023,2020-12-22T04:49:39.625,-0.000001,0.000315
10700_190820.1118.fits,58715.49275,5,209,-0.199,0.438,-16608.265,0.278,0.173,0.186,1.89,6572.428,28.941,-91.224,-61.804,2.755,-1.024,2020-12-22T04:49:45.087,-0.000001,0.000315
10700_190820.1119.fits,58715.49404,5,198,-1.641,0.426,-16609.17,0.294,0.173,0.185,1.903,6575.664,28.886,-90.627,-61.305,2.712,0.001,2020-12-22T04:49:50.168,-0.000001,0.000315
10700_190820.1120.fits,58715.49533,5,204,-0.634,0.397,-16609.062,0.285,0.173,0.189,1.887,6572.222,28.813,-90.736,-60.495,2.691,-1.02,2020-12-22T04:49:55.403,-0.000001,0.000315
10700_190821.1110.fits,58716.44779,5,212,1.051,0.375,-16606.887,0.28,0.158,0.185,1.863,6569.568,28.839,-88.166,-72.869,2.576,-0.005,2020-12-22T04:50:00.617,-0.000001,0.000313
10700_190821.1111.fits,58716.44983,5,230,-1.712,0.356,-16608.895,0.254,0.158,0.18,1.878,6569.682,28.734,-90.206,-60.316,2.614,-1.02,2020-12-22T04:50:06.671,-0.000001,0.000313
10700_190821.1112.fits,58716.45111,5,234,-1.175,0.34,-16608.755,0.253,0.158,0.184,1.866,6571.837,28.819,-91.052,-60.497,2.671,-0.003,2020-12-22T04:50:12.090,-0.000001,0.000313
10700_190821.1113.fits,58716.45238,5,220,-1.639,0.355,-16610.023,0.27,0.158,0.183,1.862,6570.383,28.788,-90.73,-60.796,2.656,0,2020-12-22T04:50:18.013,-0.000001,0.000313
10700_190824.1337.fits,58719.45243,5,192,-2.167,0.421,-16611.11,0.303,0.181,0.181,1.895,6595.811,29.378,-92.273,-60.526,2.785,-0.005,2020-12-22T04:50:23.217,-0.000001,0.000308
10700_190824.1338.fits,58719.45374,5,188,-2.523,0.44,-16610.62,0.314,0.181,0.185,1.893,6596.902,29.366,-92.655,-61.556,2.87,-0.003,2020-12-22T04:50:28.342,-0.000001,0.000308
10700_190824.1339.fits,58719.45505,5,202,-2.367,0.396,-16610.931,0.287,0.181,0.185,1.892,6596.632,29.403,-93.43,-62.785,2.85,-1.03,2020-12-22T04:50:33.573,-0.000001,0.000308
10700_190824.1340.fits,58719.45728,5,179,-3.362,0.433,-16610.574,0.328,0.181,0.182,1.895,6592.291,29.276,-93.662,-62.111,2.891,-1.031,2020-12-22T04:50:38.824,-0.000001,0.000308
10700_190824.1341.fits,58719.45856,5,161,-1.701,0.47,-16610.397,0.367,0.181,0.185,1.892,6593.611,29.293,-93.249,-61.87,2.818,-1.027,2020-12-22T04:50:44.258,-0.000001,0.000308
10700_190824.1342.fits,58719.45994,5,162,-1.846,0.445,-16611.453,0.364,0.181,0.183,1.897,6589.269,29.253,-95.294,-62.52,2.94,-1.033,2020-12-22T04:50:49.312,-0.000001,0.000308
10700_190825.1208.fits,58720.46221,5,219,2.126,0.377,-16609.628,0.28,0.09,0.185,1.896,6573.717,28.925,-94.416,-62.502,2.654,-1.034,2020-12-22T04:50:54.767,-0.000001,0.000306
10700_190825.1209.fits,58720.46348,5,220,-1.823,0.393,-16610.624,0.28,0.09,0.185,1.894,6573.891,28.934,-94.988,-62.716,2.704,0.001,2020-12-22T04:50:59.751,-0.000001,0.000306
10700_190825.1210.fits,58720.46478,5,221,-3.121,0.425,-16613.789,0.28,0.09,0.184,1.889,6571.795,28.882,-95.286,-63.68,2.699,0.003,2020-12-22T04:51:05.256,-0.000001,0.000306
10700_190825.1211.fits,58720.46607,5,214,-0.77,0.401,-16611.767,0.287,0.09,0.185,1.908,6572.227,28.908,-94.476,-61.8,2.685,-1.034,2020-12-22T04:51:10.310,-0.000001,0.000306
10700_190825.1212.fits,58720.46736,5,210,1.215,0.41,-16609.543,0.291,0.09,0.187,1.908,6573.295,28.924,-94.526,-62.665,2.673,-1.034,2020-12-22T04:51:15.572,-0.000001,0.000306
10700_190825.1213.fits,58720.46878,5,218,-3.464,0.367,-16614.061,0.283,0.09,0.185,1.904,6572.665,28.912,-96.741,-64.422,2.714,-1.038,2020-12-22T04:51:20.694,-0.000001,0.000306
10700_190825.1214.fits,58720.47008,5,218,-3.631,0.401,-16612.102,0.283,0.09,0.184,1.904,6571.96,28.903,-94.428,-62.269,2.673,-1.036,2020-12-22T04:51:25.915,-0.000001,0.000306
10700_190825.1215.fits,58720.47138,5,209,1.426,0.396,-16608.808,0.296,0.09,0.185,1.9,6573.248,28.937,-94.101,-62.672,2.697,-1.036,2020-12-22T04:51:31.728,-0.000001,0.000306
10700_190825.1216.fits,58720.47269,5,224,-5.329,0.395,-16614.752,0.276,0.09,0.184,1.892,6570.816,28.911,-95.857,-64.13,2.671,-1.036,2020-12-22T04:51:37.796,-0.000001,0.000306
10700_190825.1217.fits,58720.47399,5,216,-2.927,0.407,-16613.805,0.286,0.09,0.183,1.907,6572.057,28.906,-95.565,-63.878,2.692,-1.037,2020-12-22T04:51:43.012,-0.000001,0.000306
10700_190825.1221.fits,58720.47729,5,230,1.794,0.378,-16607.564,0.274,0.09,0.183,1.903,6569.183,28.903,-95.908,-76.471,2.693,-1.039,2020-12-22T04:51:48.191,-0.000001,0.000306
10700_190825.1222.fits,58720.47861,5,232,-2.924,0.368,-16613.836,0.271,0.09,0.183,1.906,6568.332,28.837,-95.546,-63.245,2.641,-1.036,2020-12-22T04:51:53.560,-0.000001,0.000306
10700_190825.1223.fits,58720.47987,5,227,-3.111,0.389,-16614.641,0.275,0.09,0.183,1.895,6569.029,28.934,-96.135,-64.208,2.686,-1.039,2020-12-22T04:51:59.041,-0.000001,0.000306
10700_190825.1224.fits,58720.48118,5,226,1.647,0.409,-16608.251,0.275,0.09,0.186,1.894,6570.129,28.95,-96.801,-62.644,2.717,-1.04,2020-12-22T04:52:05.548,-0.000001,0.000306
10700_190825.1225.fits,58720.48247,5,227,-3.03,0.396,-16613.236,0.277,0.09,0.183,1.902,6566.673,28.874,-95.305,-62.622,2.642,-1.037,2020-12-22T04:52:11.339,-0.000001,0.000306
10700_190825.1226.fits,58720.48377,5,236,-3.329,0.364,-16615.203,0.268,0.09,0.185,1.905,6567.819,28.817,-93.789,-62.848,2.564,-1.034,2020-12-22T04:52:17.322,-0.000001,0.000306
10700_190825.1227.fits,58720.48505,5,220,2.578,0.407,-16607.467,0.283,0.09,0.183,1.904,6566.802,28.86,-95.326,-74.802,2.616,-0.003,2020-12-22T04:52:22.690,-0.000001,0.000306
10700_190825.1228.fits,58720.48637,5,227,-1.88,0.398,-16612.023,0.279,0.09,0.185,1.91,6568.231,28.938,-95.567,-62.931,2.638,-1.037,2020-12-22T04:52:28.246,-0.000001,0.000306
10700_190825.1229.fits,58720.48764,5,230,-4.113,0.414,-16616.056,0.275,0.09,0.184,1.9,6566.709,28.873,-95.836,-63.757,2.64,-1.038,2020-12-22T04:52:34.299,-0.000001,0.000306
10700_190825.1230.fits,58720.48893,5,229,3.575,0.367,-16606.797,0.275,0.09,0.186,1.903,6564.101,28.807,-93.821,-73.535,2.566,0.001,2020-12-22T04:52:40.363,-0.000001,0.000306
10700_191007.1130.fits,58763.35867,5,269,0.46,0.312,-16609.825,0.231,,0.183,1.853,6568.759,29.268,-96.167,-63.344,2.928,-0.005,2020-12-22T04:52:46.418,-0.000027,0.000228
10700_191007.1131.fits,58763.35997,5,263,-1.191,0.302,-16610.446,0.235,,0.181,1.854,6570.317,29.335,-97.232,-62.872,2.932,-1.04,2020-12-22T04:52:52.707,-0.000027,0.000228
10700_191007.1132.fits,58763.36127,5,261,1.045,0.323,-16608.301,0.239,,0.182,1.853,6564.87,29.304,-94.294,-75.918,2.878,-1.037,2020-12-22T04:52:58.917,-0.000027,0.000228
10700_191007.1133.fits,58763.36255,5,261,-0.649,0.318,-16610.889,0.238,,0.182,1.846,6563.941,29.16,-96.003,-62.817,2.906,-1.038,2020-12-22T04:53:05.426,-0.000027,0.000228
10700_191007.1134.fits,58763.36385,5,260,0.596,0.294,-16608.712,0.238,,0.182,1.848,6564.899,29.243,-96.577,-76.866,2.923,-1.039,2020-12-22T04:53:10.940,-0.000027,0.000228
10700_191008.1094.fits,58764.35912,5,186,-1.288,0.401,-16609.172,0.333,0.117,0.181,1.879,6580.641,29.753,-93.202,-61.35,2.942,-1.037,2020-12-22T04:53:16.677,-0.000029,0.000227
10700_191008.1095.fits,58764.3602,5,235,0,0.33,-16608.243,0.264,0.117,0.18,1.87,6582.695,29.723,-96.315,-63.122,2.997,-1.042,2020-12-22T04:53:22.516,-0.000029,0.000227
10700_191008.1096.fits,58764.36127,5,231,0.119,0.322,-16608.094,0.268,0.117,0.176,1.873,6579.956,29.589,-94.418,-62.456,2.915,-1.037,2020-12-22T04:53:28.127,-0.000029,0.000227
10700_191008.1097.fits,58764.36232,5,228,0.036,0.32,-16609.008,0.271,0.117,0.18,1.867,6579.197,29.698,-95.524,-62.95,2.945,-1.039,2020-12-22T04:53:34.092,-0.000029,0.000227
10700_191008.1099.fits,58764.36521,5,219,-1.173,0.33,-16609.637,0.283,0.117,0.179,1.867,6578.303,29.534,-94.9,-62.556,2.947,-1.038,2020-12-22T04:53:39.679,-0.000029,0.000227
10700_191008.1100.fits,58764.36624,5,222,-0.328,0.343,-16608.923,0.279,0.117,0.18,1.872,6584.074,29.712,-94.088,-62.249,2.925,-0.005,2020-12-22T04:53:44.929,-0.000029,0.000227
10700_191008.1101.fits,58764.36737,5,225,0,0.33,-16610.825,0.276,0.117,0.18,1.872,6583.724,29.744,-95.788,-64.225,2.982,-1.042,2020-12-22T04:53:50.236,-0.000029,0.000227
10700_191008.1102.fits,58764.36842,5,234,1.368,0.353,-16608.229,0.266,0.117,0.18,1.87,6582.111,29.732,-97.233,-64.145,3.025,-1.046,2020-12-22T04:53:55.765,-0.000029,0.000227
10700_191008.1103.fits,58764.36945,5,230,0.279,0.332,-16609.393,0.269,0.117,0.177,1.876,6580.448,29.611,-95.698,-63.332,2.963,-1.04,2020-12-22T04:54:01.190,-0.000029,0.000227
10700_191008.1104.fits,58764.37052,5,221,0.322,0.347,-16608.646,0.28,0.117,0.179,1.877,6576.765,29.633,-95.268,-62.699,2.958,-1.039,2020-12-22T04:54:07.368,-0.000029,0.000227
10700_191008.1105.fits,58764.37156,5,220,1.028,0.333,-16608.355,0.278,0.117,0.179,1.87,6574.841,29.501,-94.38,-62.033,2.917,-1.036,2020-12-22T04:54:13.172,-0.000029,0.000227
10700_191008.1106.fits,58764.37262,5,227,-0.545,0.339,-16610.7,0.273,0.117,0.178,1.873,6578.377,29.564,-96.818,-64.677,3.009,-1.043,2020-12-22T04:54:19.064,-0.000029,0.000227
10700_191008.1107.fits,58764.37367,5,210,0.861,0.372,-16607.515,0.294,0.117,0.18,1.873,6578.755,29.567,-97.733,-63.962,3.032,-1.042,2020-12-22T04:54:24.891,-0.000029,0.000227
10700_191008.1108.fits,58764.37472,5,213,-1.222,0.319,-16611.122,0.291,0.117,0.178,1.87,6577.517,29.581,-95.066,-63.134,2.975,-1.04,2020-12-22T04:54:30.692,-0.000029,0.000227
10700_191008.1112.fits,58764.37772,5,220,-0.001,0.326,-16609.247,0.284,0.117,0.178,1.875,6575.951,29.504,-95.59,-62.867,2.969,-0.006,2020-12-22T04:54:37.258,-0.000029,0.000227
10700_191008.1113.fits,58764.37878,5,218,0.774,0.353,-16609.679,0.286,0.117,0.179,1.881,6575.501,29.508,-95.807,-63.097,2.963,-1.04,2020-12-22T04:54:42.813,-0.000029,0.000227
10700_191008.1114.fits,58764.37983,5,218,-1.397,0.351,-16609.896,0.288,0.117,0.181,1.873,6577.053,29.572,-94.492,-62.309,2.943,-1.039,2020-12-22T04:54:48.483,-0.000029,0.000227
10700_191008.1115.fits,58764.3809,5,199,0.333,0.37,-16608.522,0.312,0.117,0.181,1.88,6574.165,29.513,-96.54,-64.054,3.027,-1.041,2020-12-22T04:54:54.087,-0.000029,0.000227
10700_191008.1116.fits,58764.38199,5,206,-2.429,0.352,-16610.89,0.303,0.117,0.178,1.873,6577.155,29.579,-96.348,-64.445,2.991,-1.042,2020-12-22T04:54:59.496,-0.000029,0.000227
10700_191008.1117.fits,58764.38304,5,203,1.322,0.358,-16607.333,0.308,0.117,0.181,1.867,6574.549,29.493,-92.882,-61.743,2.895,0,2020-12-22T04:55:05.312,-0.000029,0.000227
10700_191008.1118.fits,58764.38413,5,205,-0.897,0.354,-16612.07,0.303,0.117,0.177,1.875,6571.574,29.478,-96.653,-64.024,3.001,-1.041,2020-12-22T04:55:10.781,-0.000029,0.000227
10700_191008.1119.fits,58764.38519,5,192,1.03,0.363,-16607.177,0.324,0.117,0.181,1.882,6572.781,29.424,-94.952,-61.609,2.913,0.002,2020-12-22T04:55:16.542,-0.000029,0.000227
10700_191008.1120.fits,58764.38627,5,188,-0.04,0.367,-16611.138,0.33,0.117,0.179,1.881,6573.702,29.443,-94.8,-63.199,2.977,-1.039,2020-12-22T04:55:23.015,-0.000029,0.000227
10700_191008.1121.fits,58764.38734,5,199,0.631,0.358,-16608.707,0.314,0.117,0.178,1.881,6569.975,29.32,-95.56,-62.596,2.994,-1.04,2020-12-22T04:55:29.454,-0.000029,0.000227
10700_191016.1107.fits,58772.40906,5,155,-1.001,0.466,-16607.342,0.397,,0.184,1.837,6577.799,29.3,-85.724,-57.527,2.803,-0.004,2020-12-22T04:55:36.207,-0.000037,0.000216
10700_191016.1108.fits,58772.41033,5,154,0.967,0.469,-16606.789,0.4,,0.185,1.844,6578.366,29.211,-87.196,-58.001,2.837,-1.021,2020-12-22T04:55:42.035,-0.000037,0.000216
10700_191016.1109.fits,58772.41161,5,160,-0.123,0.457,-16607.25,0.383,,0.183,1.846,6581.156,29.331,-87.7,-56.883,2.789,-1.019,2020-12-22T04:55:47.514,-0.000037,0.000216
10700_191016.1110.fits,58772.41288,5,157,1.812,0.445,-16606.643,0.395,,0.185,1.857,6581.166,29.319,-89.051,-58.81,2.854,-1.024,2020-12-22T04:55:52.951,-0.000037,0.000216
10700_191016.1111.fits,58772.41421,5,150,1.823,0.448,-16606.45,0.412,,0.184,1.852,6581.708,29.325,-89.397,-60.055,2.892,-1.024,2020-12-22T04:55:58.405,-0.000037,0.000216
10700_191024.1253.fits,58780.25572,5,220,1.692,0.35,-16604.177,0.266,0.153,0.184,1.836,6560.985,28.331,-89.208,-72.058,2.888,-1.017,2020-12-22T04:56:04.378,-0.000040,0.000209
10700_191024.1254.fits,58780.25734,5,225,1.899,0.345,-16605.021,0.262,0.153,0.184,1.844,6561.179,28.249,-89.347,-72.953,2.887,-1.017,2020-12-22T04:56:09.903,-0.000040,0.000209
10700_191024.1255.fits,58780.25881,5,215,1.939,0.343,-16604.861,0.272,0.153,0.184,1.84,6561.758,28.269,-89.433,-72.213,2.901,-1.017,2020-12-22T04:56:15.499,-0.000040,0.000209
10700_191024.1256.fits,58780.26038,5,208,-0.535,0.358,-16605.59,0.282,0.153,0.183,1.838,6560.463,28.284,-89.867,-72.475,2.92,-1.018,2020-12-22T04:56:21.222,-0.000040,0.000209
10700_191024.1257.fits,58780.26177,5,204,-0.1,0.345,-16605.464,0.286,0.153,0.182,1.838,6563.47,28.423,-90.247,-74.202,2.965,-0.002,2020-12-22T04:56:26.575,-0.000040,0.000209
10700_191108.1082.fits,58795.34592,5,212,1.23,0.358,-16609.176,0.295,,0.182,1.86,6563.68,28.587,-95.525,-77.522,3.305,0.002,2020-12-22T04:56:32.050,-0.000055,0.000203
10700_191108.1083.fits,58795.34749,5,214,0.857,0.339,-16610.333,0.295,,0.184,1.852,6564.565,28.635,-95.907,-63.859,3.323,-0.005,2020-12-22T04:56:38.024,-0.000055,0.000203
10700_191108.1084.fits,58795.34922,5,214,3.446,0.375,-16608.053,0.294,,0.184,1.857,6565.406,28.672,-95.77,-77.724,3.31,-1.043,2020-12-22T04:56:43.326,-0.000055,0.000203
10700_191108.1085.fits,58795.35109,5,214,2.068,0.334,-16608.138,0.292,,0.183,1.859,6564.019,28.429,-93.425,-76.063,3.231,-0.005,2020-12-22T04:56:48.648,-0.000055,0.000203
10700_191108.1086.fits,58795.35307,5,214,0.304,0.362,-16608.967,0.293,,0.185,1.846,6561.82,28.603,-96.071,-77.151,3.319,-0.003,2020-12-22T04:56:54.171,-0.000055,0.000203
10700_191109.1139.fits,58796.24113,5,211,3.203,0.343,-16608.308,0.303,,0.185,1.809,6584.49,29.31,-95.244,-62.561,3.268,-1.044,2020-12-22T04:56:59.561,-0.000056,0.000203
10700_191109.1140.fits,58796.24203,5,208,0.856,0.332,-16608.882,0.306,,0.185,1.811,6581.654,29.36,-94.856,-61.405,3.227,-1.043,2020-12-22T04:57:05.709,-0.000056,0.000203
10700_191109.1141.fits,58796.2429,5,210,1.221,0.35,-16608.858,0.305,,0.185,1.818,6585.84,29.4,-94.057,-62.798,3.246,-1.043,2020-12-22T04:57:11.238,-0.000056,0.000203
10700_191109.1142.fits,58796.24375,5,208,0.001,0.353,-16608.221,0.305,,0.184,1.819,6583.928,29.445,-98.001,-63.287,3.362,-1.05,2020-12-22T04:57:16.632,-0.000056,0.000203
10700_191109.1143.fits,58796.24469,5,209,2.866,0.358,-16608.7,0.299,,0.184,1.815,6583.451,29.183,-97.962,-64.396,3.369,-1.048,2020-12-22T04:57:22.096,-0.000056,0.000203
10700_191110.1085.fits,58797.32983,5,219,0.431,0.351,-16612.143,0.312,,0.185,1.866,6576.938,29.697,-98.629,-66.041,3.478,-1.059,2020-12-22T04:57:27.504,-0.000058,0.000203
10700_191110.1086.fits,58797.33069,5,221,2.903,0.354,-16608.594,0.307,,0.184,1.862,6572.503,29.533,-96.751,-63.025,3.351,-1.051,2020-12-22T04:57:33.125,-0.000058,0.000203
10700_191110.1087.fits,58797.33215,5,220,1.33,0.374,-16611.434,0.307,,0.185,1.867,6570.148,29.483,-99.116,-65.324,3.435,-1.056,2020-12-22T04:57:39.180,-0.000058,0.000203
10700_191110.1088.fits,58797.33302,5,218,4.623,0.389,-16608.387,0.312,,0.184,1.864,6569.997,29.569,-100.669,-65.852,3.544,-0.004,2020-12-22T04:57:44.569,-0.000058,0.000203
10700_191110.1089.fits,58797.33387,5,220,0.514,0.361,-16611.932,0.312,,0.185,1.864,6572.082,29.712,-100.164,-67.299,3.561,-1.065,2020-12-22T04:57:49.848,-0.000058,0.000203
10700_191111.1126.fits,58798.20111,5,213,2.214,0.345,-16608.681,0.299,,0.183,1.855,6585.049,29.321,-97.15,-66.053,3.388,0.001,2020-12-22T04:57:55.385,-0.000059,0.000203
10700_191111.1127.fits,58798.2066,5,214,0.502,0.335,-16609.544,0.295,,0.182,1.858,6575.823,28.97,-95.753,-64.093,3.311,-1.045,2020-12-22T04:58:00.847,-0.000059,0.000203
10700_191111.1128.fits,58798.2087,5,209,2.349,0.374,-16607.628,0.299,,0.185,1.858,6585.119,29.335,-96.41,-64.807,3.33,-1.048,2020-12-22T04:58:06.815,-0.000059,0.000203
10700_191111.1129.fits,58798.20968,5,210,2.399,0.347,-16610.371,0.299,,0.183,1.863,6586.913,29.341,-97.278,-64.813,3.363,-0.003,2020-12-22T04:58:12.227,-0.000059,0.000203
10700_191111.1130.fits,58798.21061,5,209,-0.524,0.367,-16610.035,0.302,,0.185,1.855,6586.764,29.462,-97.737,-66.294,3.372,-1.051,2020-12-22T04:58:17.665,-0.000059,0.000203
10700_200102.1084.fits,58850.14085,5,204,-0.618,0.362,-16610.571,0.291,0.16,0.185,1.862,6555.046,28.434,-94.312,-77.282,3.526,-1.035,2020-12-22T04:58:23.245,-0.000094,0.000251
10700_200102.1085.fits,58850.14357,5,205,-0.674,0.391,-16611.537,0.291,0.16,0.186,1.858,6557.701,28.513,-96.716,-79.067,3.621,0.001,2020-12-22T04:58:28.657,-0.000094,0.000251
10700_200102.1086.fits,58850.14617,5,204,0.263,0.375,-16610.75,0.29,0.16,0.185,1.854,6555.5,28.465,-93.659,-76.223,3.491,-1.033,2020-12-22T04:58:34.777,-0.000094,0.000251
10700_200102.1087.fits,58850.14965,5,204,0.843,0.373,-16611.099,0.288,0.16,0.184,1.85,6550.024,28.385,-93.588,-76.499,3.481,0,2020-12-22T04:58:40.123,-0.000094,0.000251
10700_200102.1088.fits,58850.15348,5,204,0.169,0.399,-16610.687,0.289,0.16,0.186,1.852,6556.333,28.443,-95.402,-77.855,3.577,-0.005,2020-12-22T04:58:45.580,-0.000094,0.000251
10700_200729.1133.fits,59059.47778,5,214,-0.272,0.39,-16610.952,0.298,,0.184,1.891,6587.164,30.094,-93.76,-61.86,2.544,-1.038,2020-12-22T04:58:50.976,-0.000010,0.000428
10700_200729.1134.fits,59059.47896,5,215,4.069,0.385,-16607.624,0.292,,0.183,1.895,6581.315,29.865,-93.692,-60.637,2.489,-1.036,2020-12-22T04:58:56.396,-0.000010,0.000428
10700_200729.1135.fits,59059.48014,5,217,3.766,0.399,-16608.13,0.291,,0.183,1.883,6583.253,29.886,-95.685,-62.57,2.562,-1.038,2020-12-22T04:59:01.846,-0.000010,0.000428
10700_200729.1136.fits,59059.4813,5,217,1.976,0.383,-16609.737,0.294,,0.183,1.885,6580.985,29.903,-96.251,-63.384,2.569,-0.005,2020-12-22T04:59:08.133,-0.000010,0.000428
10700_200730.1095.fits,59060.47867,5,210,0.743,0.368,-16609.677,0.3,,0.185,1.879,6585.313,29.917,-95.199,-62.951,2.597,-1.04,2020-12-22T04:59:13.794,-0.000010,0.000428
10700_200730.1096.fits,59060.47983,5,208,1.074,0.381,-16609.349,0.303,,0.185,1.875,6588.96,30.058,-95.899,-62.757,2.584,-0.005,2020-12-22T04:59:19.101,-0.000010,0.000428
10700_200730.1097.fits,59060.48092,5,210,1.272,0.362,-16607.387,0.301,,0.184,1.887,6590.334,30.143,-97.17,-63.717,2.603,-1.042,2020-12-22T04:59:24.630,-0.000010,0.000428
10700_200730.1098.fits,59060.48192,5,208,1.322,0.38,-16608.79,0.304,,0.184,1.874,6591.903,30.28,-96.665,-63.274,2.638,-0.003,2020-12-22T04:59:29.871,-0.000010,0.000428
10700_200731.1105.fits,59061.47967,5,193,2.58,0.353,-16609.424,0.331,,0.184,1.876,6575.666,29.886,-94.832,-62.222,2.518,-1.041,2020-12-22T04:59:35.534,-0.000010,0.000428
10700_200731.1106.fits,59061.48107,5,192,0.979,0.396,-16609.736,0.324,,0.184,1.875,6574.282,29.538,-95.524,-62.176,2.6,-1.037,2020-12-22T04:59:41.192,-0.000010,0.000428
10700_200731.1107.fits,59061.48239,5,190,1.722,0.384,-16609.771,0.327,,0.184,1.878,6578.173,29.76,-95.489,-61.521,2.617,-1.041,2020-12-22T04:59:46.588,-0.000010,0.000428
10700_200802.1102.fits,59063.48307,5,188,0.952,0.412,-16612.757,0.34,,0.181,1.908,6578.401,29.804,-98.504,-64.987,2.617,0,2020-12-22T04:59:52.156,-0.000009,0.000428
10700_200802.1103.fits,59063.48428,5,191,0.045,0.387,-16611.892,0.339,,0.183,1.913,6578.796,29.763,-97.751,-64.065,2.562,0,2020-12-22T04:59:57.893,-0.000009,0.000428
10700_200802.1104.fits,59063.48549,5,188,-0.52,0.383,-16613.537,0.336,,0.183,1.912,6578.737,29.71,-98.395,-64.513,2.678,-1.045,2020-12-22T05:00:03.884,-0.000009,0.000428
10700_200804.1120.fits,59065.48324,5,221,1.36,0.35,-16612.152,0.286,,0.184,1.861,6552.214,28.824,-95.292,-74.935,2.48,0,2020-12-22T05:00:09.714,-0.000009,0.000428
10700_200804.1121.fits,59065.48541,5,217,-0.663,0.374,-16611.206,0.287,,0.179,1.855,6558.001,28.93,-97.163,-76.975,2.599,-1.037,2020-12-22T05:00:15.877,-0.000009,0.000428
10700_200804.1122.fits,59065.48746,5,190,-0.896,0.369,-16611.872,0.333,,0.185,1.865,6556.455,28.951,-94.541,-74.785,2.511,-1.033,2020-12-22T05:00:21.509,-0.000009,0.000428
10700_200926.1089.fits,59118.38375,5,216,-0.724,0.369,-16609.397,0.294,,0.183,1.888,6576.267,29.485,-93.201,-61.663,2.869,-1.04,2020-12-22T05:00:27.022,-0.000002,0.000429
10700_200926.1090.fits,59118.38485,5,214,-0.036,0.349,-16608.447,0.293,,0.183,1.871,6577.476,29.452,-92.802,-61.434,2.882,-1.038,2020-12-22T05:00:32.424,-0.000002,0.000429
10700_200926.1091.fits,59118.38613,5,212,0.01,0.349,-16608.532,0.289,,0.184,1.881,6573.03,29.24,-92.236,-61.673,2.859,-1.033,2020-12-22T05:00:38.077,-0.000002,0.000429
10700_200927.1088.fits,59119.37887,5,217,0.978,0.331,-16608.77,0.296,,0.184,1.864,6575.224,29.563,-92.931,-62.507,2.842,-1.041,2020-12-22T05:00:43.519,-0.000002,0.000429
10700_200927.1089.fits,59119.38061,5,218,0.657,0.322,-16609.201,0.293,,0.184,1.86,6576.438,29.561,-93.802,-62.771,2.911,-1.043,2020-12-22T05:00:48.704,-0.000002,0.000429
10700_200927.1090.fits,59119.3825,5,216,-0.6,0.347,-16609.961,0.293,,0.183,1.854,6575.968,29.417,-92.943,-62.963,2.861,-1.04,2020-12-22T05:00:54.134,-0.000002,0.000429
10700_200928.1149.fits,59120.38363,5,216,-1.377,0.341,-16609.569,0.284,0.121,0.184,1.891,6566.494,29.09,-92.913,-62.45,2.883,-0.001,2020-12-22T05:00:59.456,-0.000002,0.000429
10700_200928.1150.fits,59120.38519,5,215,0.887,0.349,-16608.89,0.284,0.121,0.183,1.879,6567.04,28.988,-90.534,-61.005,2.855,-1.032,2020-12-22T05:01:05.454,-0.000002,0.000429
10700_200928.1151.fits,59120.38675,5,216,0.006,0.35,-16609.65,0.285,0.121,0.183,1.887,6567.675,29.1,-92.562,-61.879,2.865,0.001,2020-12-22T05:01:11.172,-0.000002,0.000429
10700_200929.1089.fits,59121.3744,5,220,0.031,0.32,-16609.505,0.281,0.137,0.181,1.85,6566.192,28.975,-93.923,-62.516,2.965,-1.04,2020-12-22T05:01:16.707,-0.000002,0.000429
10700_200929.1090.fits,59121.37601,5,215,-0.99,0.342,-16609.175,0.286,0.137,0.183,1.858,6569.773,29.181,-92.954,-61.282,2.897,-1.036,2020-12-22T05:01:22.191,-0.000002,0.000429
10700_200929.1091.fits,59121.37753,5,217,-0.975,0.316,-16609.693,0.286,0.137,0.184,1.855,6570.013,29.118,-93.305,-62.104,2.907,-0.006,2020-12-22T05:01:27.457,-0.000002,0.000429
10700_200929.1092.fits,59121.3791,5,217,0.478,0.319,-16608.146,0.285,0.137,0.182,1.864,6569.335,29.035,-93.022,-61.417,2.929,-1.037,2020-12-22T05:01:33.269,-0.000002,0.000429
10700_200929.1093.fits,59121.38062,5,216,0,0.341,-16609.078,0.284,0.137,0.184,1.862,6567.055,29.019,-91.247,-60.738,2.848,-1.032,2020-12-22T05:01:38.747,-0.000002,0.000429
10700_200930.1084.fits,59122.35402,5,211,1.766,0.357,-16608.958,0.312,,0.184,1.854,6601.899,30.761,-96.263,-63.458,2.984,0,2020-12-22T05:01:44.112,-0.000002,0.000429
10700_200930.1085.fits,59122.35343,5,214,0.066,0.376,-16610.504,0.313,,0.183,1.845,6602.458,30.977,-97.736,-64.708,3.005,-1.056,2020-12-22T05:01:49.556,-0.000002,0.000429
10700_200930.1086.fits,59122.35557,5,214,1.301,0.347,-16609.328,0.314,,0.184,1.86,6608.191,31.066,-98.855,-64.926,3.084,-1.061,2020-12-22T05:01:54.820,-0.000002,0.000429
10700_200930.1087.fits,59122.35621,5,215,0.511,0.334,-16610.88,0.316,,0.185,1.862,6604.666,31.101,-98.418,-64.149,3.026,-1.058,2020-12-22T05:02:00.180,-0.000002,0.000429
10700_200930.1088.fits,59122.35687,5,216,-0.549,0.347,-16611.098,0.314,,0.181,1.86,6608.36,31.25,-97.777,-64.114,3.052,-1.06,2020-12-22T05:02:05.610,-0.000002,0.000429
10700_201008.1133.fits,59130.30435,5,223,0.534,0.305,-16612.806,0.301,,0.179,1.859,6510.103,28.641,-93.961,-75.361,2.715,-1.036,2020-12-22T05:02:11.066,-0.000001,0.000429
10700_201013.1072.fits,59135.43171,5,220,1.914,0.328,-16610.55,0.323,,0.182,1.864,6588.445,31.269,-92.976,-59.989,2.846,-1.049,2020-12-22T05:02:16.357,-0.000001,0.000429
10700_201013.1073.fits,59135.43256,5,227,-0.226,0.339,-16613.09,0.32,,0.18,1.859,6590.99,31.629,-95.806,-62.047,2.95,-1.055,2020-12-22T05:02:21.709,-0.000001,0.000429
10700_201013.1074.fits,59135.43343,5,225,3.173,0.368,-16610.079,0.322,,0.182,1.862,6592.75,31.56,-94.608,-61.689,2.942,-1.056,2020-12-22T05:02:27.235,-0.000001,0.000429
10700_201013.1075.fits,59135.43425,5,225,1.89,0.356,-16612.14,0.32,,0.18,1.861,6589.22,31.324,-94.709,-62.263,2.917,0.001,2020-12-22T05:02:32.670,-0.000001,0.000429
10700_201024.1116.fits,59146.24691,5,215,1.571,0.34,-16606.678,0.294,,0.186,1.874,6579.028,29.555,-92.394,-60.719,3.045,-1.037,2020-12-22T05:02:38.488,-0.000001,0.000429
10700_201024.1117.fits,59146.24982,5,216,3.022,0.35,-16604.513,0.294,,0.185,1.874,6578.644,29.556,-92.674,-60.256,3.036,-1.037,2020-12-22T05:02:44.213,-0.000001,0.000429
10700_201024.1118.fits,59146.2513,5,219,0.123,0.356,-16607.937,0.294,,0.182,1.869,6581.15,29.742,-91.086,-60.296,3.008,-1.037,2020-12-22T05:02:50.012,-0.000001,0.000429
10700_201024.1119.fits,59146.25259,5,213,1.392,0.349,-16606.843,0.291,,0.184,1.873,6579.145,29.404,-90.895,-60.452,3.004,-0.003,2020-12-22T05:02:55.658,-0.000001,0.000429
10700_201024.1120.fits,59146.25394,5,214,3.87,0.348,-16603.481,0.296,,0.185,1.861,6580.119,29.566,-92.811,-61.465,3.077,-1.039,2020-12-22T05:03:01.237,-0.000001,0.000429
10700_201031.1097.fits,59153.37497,5,231,-0.078,0.365,-16614.721,0.313,,0.186,1.866,6583.914,30.397,-95.413,-63.921,3.137,-0.001,2020-12-22T05:03:07.269,-0.000001,0.000429
10700_201031.1098.fits,59153.37608,5,233,1.998,0.371,-16611.601,0.319,,0.184,1.869,6596.388,30.845,-94.644,-63.715,3.149,-1.052,2020-12-22T05:03:12.770,-0.000001,0.000429
10700_201031.1099.fits,59153.3771,5,232,-0.211,0.364,-16613.718,0.304,,0.186,1.874,6575.104,29.603,-93.206,-62.722,3.035,-1.04,2020-12-22T05:03:17.971,-0.000001,0.000429
10700_201031.1100.fits,59153.37817,5,239,-2.544,0.383,-16614.77,0.305,,0.185,1.869,6560.355,29.676,-94.771,-64.341,3.087,-1.045,2020-12-22T05:03:23.216,-0.000001,0.000429
10700_201031.1101.fits,59153.37926,5,234,-1.038,0.374,-16613.258,0.303,,0.184,1.875,6565.321,29.499,-95.994,-63.544,3.117,0.001,2020-12-22T05:03:28.614,-0.000001,0.000429
10700_201103.1129.fits,59156.39742,5,214,-1.428,0.434,-16610.34,0.287,0.166,0.185,1.936,6567.82,28.48,-96.281,-64.48,3.224,-1.037,2020-12-22T05:03:34.479,-0.000001,0.000429
10700_201103.1130.fits,59156.40116,5,215,1.716,0.41,-16610.297,0.287,0.166,0.183,1.945,6565.227,28.488,-95.083,-64.219,3.234,0.001,2020-12-22T05:03:40.381,-0.000001,0.000429
10700_201103.1131.fits,59156.40522,5,214,-0.183,0.426,-16610.299,0.288,0.166,0.183,1.946,6567.686,28.415,-93.953,-62.69,3.145,-0.004,2020-12-22T05:03:46.371,-0.000001,0.000429
10700_201125.1105.fits,59178.2435,5,214,4.999,0.345,-16603.271,0.292,,0.184,1.823,6579.028,29.338,-94.386,-63.395,3.403,-1.045,2020-12-22T05:03:52.309,0.000000,0.000429
10700_201125.1106.fits,59178.2445,5,217,-2.484,0.342,-16611.629,0.292,,0.184,1.831,6579.933,29.409,-94.112,-64.209,3.424,-1.048,2020-12-22T05:03:58.082,0.000000,0.000429
10700_201125.1107.fits,59178.24547,5,214,1.208,0.368,-16605.869,0.294,,0.184,1.829,6585.213,29.497,-95.226,-64.151,3.462,-1.049,2020-12-22T05:04:04.485,0.000000,0.000429
10700_201125.1108.fits,59178.24642,5,219,-4.475,0.352,-16613.158,0.292,,0.185,1.832,6582.114,29.515,-94.011,-65.147,3.417,-1.048,2020-12-22T05:04:10.191,0.000000,0.000429
10700_201125.1109.fits,59178.24735,5,216,2.818,0.344,-16604.175,0.293,,0.186,1.84,6582.676,29.488,-94.329,-62.561,3.417,-1.047,2020-12-22T05:04:15.918,0.000000,0.000429
10700_201127.1095.fits,59180.19241,5,212,1.433,0.358,-16607.489,0.292,,0.185,1.844,6587.253,29.506,-95.097,-65.424,3.437,-1.047,2020-12-22T05:04:21.826,0.000000,0.000429
10700_201127.1096.fits,59180.19345,5,211,3.721,0.377,-16604.085,0.29,,0.182,1.849,6583.541,29.3,-93.143,-62.33,3.388,0.001,2020-12-22T05:04:27.463,0.000000,0.000429
10700_201127.1097.fits,59180.19451,5,213,-4.156,0.377,-16611.966,0.288,,0.182,1.844,6587.098,29.349,-92.969,-64.999,3.401,-1.044,2020-12-22T05:04:33.675,0.000000,0.000429
10700_201127.1098.fits,59180.19558,5,211,0.382,0.386,-16606.095,0.291,,0.185,1.838,6585.616,29.279,-94.118,-65.092,3.387,-1.042,2020-12-22T05:04:39.557,0.000000,0.000429
10700_201127.1099.fits,59180.19664,5,213,-3.207,0.372,-16610.742,0.288,,0.184,1.844,6583.965,29.315,-93.662,-65.621,3.394,-1.044,2020-12-22T05:04:45.815,0.000000,0.000429